Name,URL,Date,GENRA
Kanneda S01 2025,https://raw.githubusercontent.com/manik1312006/8787/refs/heads/main/M3U8/Kanneda_S01.m3u8,2025,Series
Carjackers 2025,https://pixeldrain.net/api/file/E4sdFRLC?download,2025,Movies
Sikandar 2025,https://pixeldrain.net/api/file/eZRGKVGN?download,2025,Movies
The Babysitters 2007,https://pixeldrain.net/api/file/25g2puGr?download,2007,Movies
The Possession of Hannah Grace 2018,https://pixeldrain.net/api/file/PKgYnWKq?download,2018,Movies
One Fast Move 2024,https://pixeldrain.net/api/file/kL4vLRh3?download,2024,Movies
A Working Man 2025,https://pixeldrain.net/api/file/SBsQjd7z?download,2025,Movies
Delulu Express (2025),https://pixeldrain.net/api/file/RTdiNkEj?download,2025,Movies
PUSS IN BOOTS 2011,https://pixeldrain.net/api/file/C8GT9Xm8?download,2011,Movies
Power Of Paanch S01,https://raw.githubusercontent.com/manik1312006/8787/refs/heads/main/M3U8/Power%20of%20paanch%20S01.m3u8,2025,Series
Demon City 2025,https://pixeldrain.net/api/file/UbhUmMy1?download,2025,Movies
Subservience (2024),https://pixeldrain.net/api/file/tQoaefFC?download,2024,Movies
Fast 9 2021,https://pixeldrain.net/api/file/dCcqf9GR?download,2021,Movies
Tumko Meri Kasam 2025,https://pixeldrain.net/api/file/HkMFHotz?download,2025,Movies
Insidious (2010),https://pixeldrain.net/api/file/YhpXMAJY?download,2010,Movies
The Fate of the Furious (2017),https://pixeldrain.net/api/file/uZESgND1?download,2017,Movies
 Furious Seven (2015),https://pixeldrain.net/api/file/tULiJ8V6?download,2015,Movies
 TUMBBAD,https://pixeldrain.net/api/file/WGxLjq8x?download,2018,Movies
 The Electric State 2025,https://pixeldrain.net/api/file/mCfeGD6H?download,2025,Movies
 Mithde 2025 Punjabi,https://pixeldrain.net/api/file/4emAZrux?download,2025,Movies
 Fast And Furious 6 2013,https://pixeldrain.net/api/file/P24VYhCV?download,2013,Movies
 Fast Five 2011,https://pixeldrain.net/api/file/EYys5B9p?download,2011,Movies
 Fast & Furious 2009,https://pixeldrain.net/api/file/jwdbULDa?download,2009,Movies
 Diplomat 2025,https://pixeldrain.net/api/file/3sjZ5eoz?download,2025,Movies
 The Fast And The Furious Tokyo Drift (2006),https://pixeldrain.net/api/file/TWvxKSJ6?download,2006,Movies
 THE WITCH 2015,https://pixeldrain.net/api/file/o2Qg1w4i?download,2015,Movies
 2 FAST 2 FURIOUS 2003,https://pixeldrain.net/api/file/PXz2xR3K?download,2003,Movies
 Sting 2024,https://pixeldrain.net/api/file/PF6dTA3i?download,2024,Movies
 The Fast and The Furious 2001,https://pixeldrain.net/api/file/QQsBSZhX?download,2001,Movies
 Aghathiyaa 2025,https://pixeldrain.net/api/file/VDwZ6jFV?download,2025,Movies
 Hosihar Singh 2025,https://pixeldrain.net/api/file/3rPDgoMh?download,2025,Movies
 Badnaam 2025,https://pixeldrain.net/api/file/ujBUzSU9?download,2025,Movies
 Fateh 2025,https://pixeldrain.net/api/file/bthzriL4?download,2025,Movies
 DareDevil Born Again S01,https://raw.githubusercontent.com/manik1312006/8787/refs/heads/main/M3U8/DareDevil_Born_Again_S01.m3u8,2025,Series
 Bloody Daddy 2023,https://pixeldrain.net/api/file/MqWY13gM?download,2023,Movies
 ANIMAL 2023,https://pixeldrain.net/api/file/p5gouVTm?download,2023,Movies
 Captain America-BRAVE NEW WORLD,https://pixeldrain.net/api/file/gJoMDDqp?download,2025,Movies
 CRAZXY,https://pixeldrain.net/api/file/49dYUGHc?download,2025,Movies
 TABAAH,https://pixeldrain.net/api/file/XxgRE1XS?download,2024,Movies
 CHHAAVA 2025,https://pixeldrain.net/api/file/LtRP4fiS?download,2025,Movies
 DEVA 2025,https://pixeldrain.net/api/file/YyPcgfHV?download,2025,Movies
 High End Yaariyan 2019,https://pixeldrain.net/api/file/FYvWa8VQ?download,2019,Movies
 MARCO 2024,https://pixeldrain.net/api/file/Kw8FYKpL?download,2024,Movies
 MAX 2024,https://pixeldrain.net/api/file/PPDtnnqm?download,2024,Movies
 Your Friendly Neighborhood Spider-Man (Season 1),https://raw.githubusercontent.com/manik1312006/8787/refs/heads/main/M3U8/Your%20Friendly%20Neighborhood%20Spider-Man%20%28Season%201%29.m3u8,2025,Series
